<?xml version="1.0" encoding="UTF-8" standalone="yes"?>
<addon id="repository.jesusboxtv" name="Jesusbox Repository" version="1.0.2" provider-name="Playonmonkey">
	<extension point="xbmc.addon.repository" name="Jesusbox Repository">
		<info compressed="false">http://www.jesusboxrepo.xyz/Plugins/addons.xml</info>
		<checksum>http://www.jesusboxrepo.xyz/Plugins/addons.xml.md5</checksum>
		<datadir zip="true">http://www.jesusboxrepo.xyz/Plugins/</datadir>
	</extension>
	<extension point="xbmc.addon.metadata">
		<summary>Welcome to the Jesusbox Repository where you will find all Jesusbox produced Addon-ons and wizards</summary>
		<description>The Best Media Center Box Available</description>
		<platform>all</platform>
	</extension>
</addon>