<?xml version="1.0" encoding="UTF-8" standalone="yes"?>
<addon id="script.module.python.twitch" name="python-twitch for Kodi" version="1.1.0" provider-name="A Talented Community">
    <requires>
        <import addon="xbmc.python" version="2.20.0"/>
        <import addon="script.module.six" version="1.9.0"/>
        <import addon="script.module.requests" version="2.9.1"/>
    </requires>
    <extension point="xbmc.python.module" library="resources/lib"/>
    <extension point="xbmc.addon.metadata">
        <platform>all</platform>
        <news>
*** Twitch API V5 is deprecated and will be removed entirely on 2/14/18
*** script.module.python.twitch v2 will include the Twitch helix API, and may include breaking changes to current implementations. If you rely on this module follow development at https://github.com/MrSprigster/script.module.python.twitch

[fix/upd] v5.channels deprecated notations for community endpoints, add new communities endpoints
        </news>
        <assets>
            <icon>icon.png</icon>
        </assets>
        <platform>all</platform>
        <summary lang="en">Module for interaction with the Twitch.tv API</summary>
        <description lang="en">python-twitch for Kodi is module for interaction with the Twitch.tv API based on python-twitch by ingwinlu.</description>
        <license>GNU GENERAL PUBLIC LICENSE. Version 3, 29 June 2007</license>
        <forum> </forum>
        <source>https://github.com/MrSprigster/script.module.python.twitch</source>
    </extension>
</addon>
