<?xml version="1.1" encoding="UTF-8" standalone="yes"?>
<addon id="script.uluautoplay.artwork" version="1.4.1" name="Ulu Autoplay Artwork" provider-name="Ulu Autoplay">
	<requires>
		<import addon="xbmc.python" version="2.19.0"/>
	</requires>
	<extension point="xbmc.python.script" library="default.py">
		<provides>executable</provides>
	</extension>
	<extension point="xbmc.addon.metadata">
		<summary>Themes for the uluautoplay Addon</summary>
		<description></description>
		<platform>all</platform>
	</extension>
</addon>
