<?xml version="1.0" encoding="UTF-8" standalone="yes"?>
<addon id="repository.jesusboxtv" name="Jesusbox Repository" version="1.0.4" provider-name="Jesusbox">
	<extension point="xbmc.addon.repository" name="Jesusbox Repository">
		<info compressed="false">https://raw.githubusercontent.com/jesusboxrepo/repository/master/addons.xml</info>
		<checksum>https://raw.githubusercontent.com/jesusboxrepo/repository/master/addons.xml.md5</checksum>
		<datadir zip="true">https://raw.githubusercontent.com/jesusboxrepo/repository/master/</datadir>
	</extension>
	<extension point="xbmc.addon.metadata">
		<summary>Welcome to the Jesusbox Repository where you will find all Jesusbox produced Addon-ons and wizards</summary>
		<description>The Best Media Center Box Available</description>
		<platform>all</platform>
	</extension>
</addon>