﻿<?xml version="1.0" encoding="UTF-8" standalone="yes"?>
<addon id="plugin.video.genesisreborn" version="2017.03.22" name="Genesis Reborn" provider-name="Genesis Reborn">
	<requires>
		<import addon="xbmc.python" version="2.19.0" />
		<import addon="script.genesisreborn.artwork" />
		<import addon="script.module.urlresolver" version="3.0.0"/>
		<import addon="script.module.metahandler" version="1.0.0" />
		<import addon="script.module.requests" />
		<import addon="script.module.beautifulsoup" />
		<import addon="script.module.jesusboxmedia.common" />
		<import addon="script.module.futures" version="2.2.0"/>

	</requires>
	<extension point="xbmc.python.pluginsource" library="genesisreborn.py">
		<provides>video</provides>
	</extension>
	<extension point="xbmc.addon.metadata">
		<summary lang="en">Genesis Reborn Movies/TV Shows</summary>
		<description lang="en">Genesis Reborn...Fork. Website http://jesusboxmedia.tv Big Thanks to head developper JP Hightek for helping in making this addon come to life. Watch Movies and TV Shows in High quality! Please note that this addon is not an official part of the Kodi media player , and therefore not to be mentioned within official support channels, this addon has nothing to do with the media player itself, nor it’s intended use, it is simply a third party plugin which has been added to your system.</description>
		<disclaimer lang="en">The Author does not host or share any content, nor is affiliated with the content providers.</disclaimer>
		<platform>all</platform>
		<website>http://jesusboxmedia.tv</website>
		<news>Update Providers - Added Ability to Disable Captcha hosts - Extended Quality of source to 4k</news>
		<assets>
			<icon>icon.png</icon>
			<fanart>fanart.jpg</fanart>
			<screenshot>resources/screenshots/01.jpg</screenshot>
			<screenshot>resources/screenshots/02.jpg</screenshot>
			<screenshot>resources/screenshots/03.jpg</screenshot>
		</assets>
	</extension>
</addon>